problem,generation,stage,candidate,training_loss,pde_residual,reference_mse
burgers_1d,0.0,generation,g0_generation_0_candidate_2,0.035797803,0.033636438,0.0036386
burgers_1d,1.0,generation,g1_generation_1_candidate_3,0.01939356,0.017933927,0.002196688
burgers_1d,2.0,generation,g2_generation_2_candidate_1,0.010555815,0.009761049,0.001402237
burgers_1d,3.0,generation,g3_generation_3_candidate_5,0.005857338,0.005505948,0.0009714219915
burgers_1d,4.0,generation,g4_generation_4_candidate_4,0.003520813,0.003376945,0.0007180656187
burgers_1d,5.0,generation,g5_generation_5_candidate_4,0.002361115,0.002304295,0.0005471436969
burgers_1d,6.0,generation,g6_generation_6_candidate_3,0.001742267,0.001721261,0.0004178937478
burgers_1d,7.0,generation,g7_generation_7_candidate_6,0.001346645,0.001340005,0.0003197175242
burgers_1d,8.0,generation,g8_generation_8_candidate_6,0.001027501,0.001025962,0.0002526649544
burgers_1d,9.0,generation,g9_generation_9_candidate_4,0.000777525,0.000777525,0.00020507
burgers_1d,,final_high_fidelity,hf_rank1_g7_generation_7_candidate_6,1.88845e-05,1.988451778e-05,6.52e-05
heat_2d_multiscale,0.0,generation,g0_generation_0_candidate_7,1.131585479,0.105406165,0.0301682
heat_2d_multiscale,1.0,generation,g1_generation_1_candidate_1,0.1823263,0.036680496,0.013363913
heat_2d_multiscale,2.0,generation,g2_generation_2_candidate_2,0.046543382,0.017322032,0.005469416
heat_2d_multiscale,3.0,generation,g3_generation_3_candidate_1,0.020785562,0.011919212,0.002073143
heat_2d_multiscale,4.0,generation,g4_generation_4_candidate_1,0.013764585,0.01020779,0.0008531473437
heat_2d_multiscale,5.0,generation,g5_generation_5_candidate_3,0.010983054,0.009165501,0.0004176740916
heat_2d_multiscale,6.0,generation,g6_generation_6_candidate_3,0.009156702,0.008099515,0.0002378460745
heat_2d_multiscale,7.0,generation,g7_generation_7_candidate_3,0.007459091,0.006675328,0.0001578390955
heat_2d_multiscale,8.0,generation,g8_generation_8_candidate_3,0.005990421,0.005289788,0.0001167071669
heat_2d_multiscale,9.0,generation,g9_generation_9_candidate_1,0.004832441,0.004164857,9.14e-05
heat_2d_multiscale,,final_high_fidelity,hf_rank1_g9_generation_9_candidate_1,0.0003556348383,0.0003017900453,1.01e-05
poisson_5d,0.0,generation,g0_generation_0_candidate_0,0.252617375,0.190430985,3.64905e-05
poisson_5d,1.0,generation,g1_generation_1_candidate_5,0.018555808,0.036128722,1.021154491e-05
poisson_5d,2.0,generation,g2_generation_2_candidate_4,0.002802018,0.009308486,3.170330857e-06
poisson_5d,3.0,generation,g3_generation_3_candidate_4,0.000933371,0.002930025,1.119409506e-06
poisson_5d,4.0,generation,g4_generation_4_candidate_6,0.0005214971559,0.001207786,4.877622494e-07
poisson_5d,5.0,generation,g5_generation_5_candidate_4,0.000376877,0.0006190973047,2.562200878e-07
poisson_5d,6.0,generation,g6_generation_6_candidate_4,0.000291183,0.000360907,1.563878609e-07
poisson_5d,7.0,generation,g7_generation_7_candidate_1,0.0002213605386,0.0002207683278,1.058584884e-07
poisson_5d,8.0,generation,g8_generation_8_candidate_3,0.0001581129605,0.0001346158707,7.570585419e-08
poisson_5d,9.0,generation,g9_generation_9_candidate_4,0.000110018,8.27444e-05,5.65022e-08
poisson_5d,,final_high_fidelity,g9_generation_9_candidate_4,0.000110018,8.27444e-05,5.65022e-08
navier_stokes_2d_C,0.0,generation,g0_generation_0_candidate_0,0.003413613,0.005770143,0.0018633
navier_stokes_2d_C,1.0,generation,g1_generation_1_candidate_3,0.003373106,0.003037483,0.00107261
navier_stokes_2d_C,2.0,generation,g2_generation_2_candidate_5,0.003371276,0.001709537,0.0006488313793
navier_stokes_2d_C,3.0,generation,g3_generation_3_candidate_5,0.003369447,0.001090689,0.0004222193933
navier_stokes_2d_C,4.0,generation,g4_generation_4_candidate_5,0.00336762,0.0008770459848,0.0002902802625
navier_stokes_2d_C,5.0,generation,g5_generation_5_candidate_1,0.003365793,0.0008133843176,0.0001937843703
navier_stokes_2d_C,6.0,generation,g6_generation_6_candidate_3,0.003363967,0.0007543436258,0.0001160785751
navier_stokes_2d_C,7.0,generation,g7_generation_7_candidate_1,0.003362142,0.000699588,6.113166651e-05
navier_stokes_2d_C,8.0,generation,g8_generation_8_candidate_5,0.003360318,0.000648808,3.129330892e-05
navier_stokes_2d_C,9.0,generation,g9_generation_9_candidate_2,0.003358495,0.0006017131673,1.61e-05
navier_stokes_2d_C,,final_high_fidelity,hf_rank1_g9_generation_9_candidate_2,2.165000114e-05,1.419862059e-06,2.35e-06
